{
  "dnd5e": {
    "system": "dnd5e",
    "topology": "standard",
    "quantity" : "quantity",
    "aliases": {
      "Lantern, Hooded": "Hooded Lantern",
      "Lantern, Bullseye": "Bullseye Lantern"
    },
    "sources": {
      "Candle": {
        "name": "Candle",
        "type": "equipment",
        "consumable": true,
        "states": 2,
        "light": [
          { "bright": 5, "dim": 10, "angle": 360 }
        ]
      },
      "Torch": {
        "name": "Torch",
        "type": "equipment",
        "consumable": true,
        "states": 2,
        "light": [
          { "bright": 20, "dim": 40, "angle": 360 }
        ]
      },
      "Lamp": {
        "name": "Lamp",
        "type": "equipment",
        "consumable": false,
        "states": 2,
        "light": [
          { "bright": 15, "dim": 45, "angle": 360 }
        ]
      },
      "Bullseye Lantern": {
        "name": "Bullseye Lantern",
        "type": "equipment",
        "consumable": false,
        "states": 2,
        "light": [
          { "bright": 60, "dim": 120, "angle": 57 }
        ]
      },
      "Hooded Lantern": {
        "name": "Hooded Lantern",
        "type": "equipment",
        "consumable": false,
        "states": 3,
        "light": [
          { "bright": 30, "dim": 60, "angle": 360 },
          { "bright": 0, "dim": 5, "angle": 360 }
        ]
      },
      "Light": {
        "name": "Light",
        "type": "cantrip",
        "consumable": false,
        "states": 2,
        "light": [
          { "bright": 20, "dim": 40, "angle": 360 }
        ]
      },
      "Dancing Lights": {
        "name": "Dancing Lights",
        "type": "cantrip",
        "consumable": false,
        "states": 2,
        "light": [
          { "bright": 0, "dim": 10, "angle": 360 }
        ]
      }                
    }
  },
  "swade": {
    "system": "swade",
    "topology": "standard",
    "quantity" : "quantity",
    "sources": {
      "Candle": {
        "name": "Candle",
        "type": "equipment",
        "consumable": true,
        "states": 2,
        "light": [
          {"bright": 0, "dim": 2, "angle": 360}
        ]
      },
      "Flashlight": {
        "name": "Flashlight",
        "type": "equipment",
        "consumable": false,
        "states": 2,
        "light": [
          {"bright": 10, "dim": 10, "angle": 3}
        ]
      },
      "Lantern": {
        "name": "Lantern",
        "type": "equipment",
        "consumable": false,
        "states": 2,
        "light": [
          {"bright": 4, "dim": 4, "angle": 360}
        ]
      },
      "Torch": {
        "name": "Torch",
        "type": "equipment",
        "consumable": true,
        "states": 2,
        "light": [
          {"bright": 4, "dim": 4, "angle": 360}
        ]
      }    
    }
  },
  "pf1": {
    "system": "pf1",
    "topology": "standard",
    "quantity" : "quantity",
    "sources": {
      "Candle": {
        "name": "Candle",
        "type": "equipment",
        "consumable": true,
        "states": 2,
        "light": [
          {"bright": 0, "dim": 5, "angle": 360}
        ]
      },
      "Lamp": {
        "name": "Lamp",
        "type": "equipment",
        "consumable": false,
        "states": 2,
        "light": [
          {"bright": 15, "dim": 30, "angle": 360}
        ]
      },
      "Lantern": {
        "name": "Lantern",
        "type": "equipment",
        "consumable": false,
        "states": 2,
        "light": [
          {"bright": 30, "dim": 60, "angle": 360}
        ]
      },
      "Bullseye Lantern": {
        "name": "Bullseye Lantern",
        "type": "equipment",
        "consumable": false,
        "states": 2,
        "light": [
          {"bright": 60, "dim": 120, "angle": 57}
        ]
      },
      "Hooded Lantern": {
        "name": "Hooded Lantern",
        "type": "equipment",
        "consumable": false,
        "states": 2,
        "light": [
          {"bright": 30, "dim": 60, "angle": 360}
        ]
      },
      "Miner's Lantern": {
        "name": "Miner's Lantern",
        "type": "equipment",
        "consumable": false,
        "states": 2,
        "light": [
          {"bright": 30, "dim": 60, "angle": 57}
        ]
      },
      "Torch": {
        "name": "Torch",
        "type": "equipment",
        "consumable": true,
        "states": 2,
        "light": [
          {"bright": 20, "dim": 40, "angle": 360}
        ]
      }
    }
  },
  "pf2e": {
    "system": "pf2e",
    "topology": "standard",
    "quantity" : "quantity",
    "sources": {
      "Candle": {
        "name": "Candle",
        "type": "equipment",
        "consumable": true,
        "states": 2,
        "light": [
          {"bright": 0, "dim": 10, "angle": 360}
        ]
      },
      "Lantern (Hooded)": {
        "name": "Lantern (Hooded)",
        "type": "equipment",
        "consumable": false,
        "states": 3,
        "light": [
          {"bright": 30, "dim": 60, "angle": 360}, 
          {"bright": 0, "dim": 5, "angle": 360}
        ]
      },
      "Lantern (Bull's Eye)": {
        "name": "Lantern (Bull's Eye)",
        "type": "equipment",
        "consumable": false,
        "states": 2,
        "light": [
          {"bright": 60, "dim": 120, "angle": 57}
        ]
      },
      "Torch": {
        "name": "Torch",
        "type": "equipment",
        "consumable": true,
        "states": 2,
        "light": [
          {"bright": 20, "dim": 40, "angle": 360}
        ]
      }
    }
  },
  "sfrpg": {
    "system": "sfrpg",
    "topology": "standard",
    "quantity": "quantity",
    "sources": {
      "Portable Light, Lantern": {
        "name": "Portable Light, Lantern",
        "type": "equipment",
        "consumable": false,
        "states": 2,
        "light": [
          {
            "bright": 10,
            "dim": 10,
            "angle": 360,
            "color": "#555555",
            "alpha": 0.5
          }
        ]
      },
      "Portable Light, Flashlight": {
        "name": "Portable Light, Flashlight",
        "type": "equipment",
        "consumable": false,
        "states": 2,
        "light": [
          {
            "bright": 20,
            "dim": 20,
            "angle": 35,
            "color": "#555555",
            "alpha": 0.5
          }
        ]
      },
      "Portable Light, Beacon": {
        "name": "Portable Light, Beacon",
        "type": "equipment",
        "consumable": false,
        "states": 2,
        "light": [
          {
            "bright": 20,
            "dim": 50,
            "angle": 360,
            "color": "#555555",
            "alpha": 0.5
          }
        ]
      },
      "Portable Light, Spotlight": {
        "name": "Portable Light, Spotlight",
        "type": "equipment",
        "consumable": false,
        "states": 2,
        "light": [
          {
            "bright": 100,
            "dim": 100,
            "angle": 35,
            "color": "#555555",
            "alpha": 0.5
          }
        ]
      },
      "Comm Unit, Personal": {
        "name": "Comm Unit, Personal",
        "type": "equipment",
        "consumable": false,
        "states": 2,
        "light": [
          {
              "bright": 15,
              "dim": 15,
              "angle": 35,
              "color": "#555555",
              "alpha": 0.5
          }
        ]
      }
    }
  },
  "earthdawn4e": {
    "system": "earthdawn4e",
    "topology": "standard",
    "quantity" : "amount",
    "sources": {
      "Candle": {
        "name": "Candle",
        "type": "equipment",
        "consumable": true,
        "states": 2,
        "light": [
          {"bright": 0, "dim": 3, "angle": 360}
        ]
      },
      "Lantern (Hooded)": {
        "name": "Lantern (Hooded)",
        "type": "equipment",
        "consumable": false,
        "states": 3,
        "light": [
          {"bright": 10, "dim": 10, "angle": 360}, 
          {"bright": 0, "dim": 10, "angle": 360}
        ]
      },
      "Lantern (Bullseye)": {
        "name": "Lantern (Bullseye)",
        "type": "equipment",
        "consumable": false,
        "states": 2,
        "light": [
          {"bright": 20, "dim": 20, "angle": 3}
        ]
      },
      "Torch": {
        "name": "Torch",
        "type": "equipment",
        "consumable": true,
        "states": 2,
        "light": [
          {"bright": 10, "dim": 10, "angle": 360}
        ]
      }            
    }
  },
  "gurps": {
    "system": "gurps",
    "topology": "gurps",
    "quantity": "amount",
    "sources": {
      "Candle, Tallow": {
        "name": "Candle, Tallow",
        "type": "equipment",
        "consumable": true,
        "states": 2,
        "light": [
          {"bright": 0, "dim": 2, "angle": 360, "color": "#ff9329", "alpha": 0.6 }
        ]
      },
      "Flashlight, Heavy": {
        "name": "Flashlight, Heavy",
        "type": "equipment",
        "consumable": false,
        "states": 2,
        "light": [
          {"bright": 30, "dim": 30, "angle": 3, "color": "#ffd6aa", "alpha": 1 }
        ]    
      },
      "Mini Flashlight": {
        "name": "Mini Flashlight",
        "type": "equipment",
        "consumable": false,
        "states": 2,
        "light": [
          {"bright": 4, "dim": 5, "angle": 3, "color": "#ffd6aa", "alpha": 1 }
        ]    
      },
      "Micro Flashlight": {
        "name": "Micro Flashlight",
        "type": "equipment",
        "consumable": false,
        "states": 2,
        "light": [
          {"bright": 1, "dim": 1, "angle": 3, "color": "#ffd6aa", "alpha": 1 }
        ]    
      },
      "Survival Flashlight": {
        "name": "Survival Flashlight",
        "type": "equipment",
        "consumable": false,
        "states": 2,
        "light": [
          {"bright": 1, "dim": 1, "angle": 3, "color": "#ffd6aa", "alpha": 1 }
        ]    
      },
      "Lantern": {
        "name": "Lantern",
        "type": "equipment",
        "consumable": false,
        "states": 2,
        "light": [
          {"bright": 4, "dim": 5, "angle": 360, "color": "#ff9329", "alpha": 1 }
        ]    
      },
      "Torch": {
        "name": "Torch",
        "type": "equipment",
        "consumable": true,
        "states": 2,
        "light": [
          {"bright": 9, "dim": 10, "angle": 360, "color": "#ff9329", "alpha": 1 }
        ]    
      },
      "Bull's-Eye Lantern": {
        "name": "Bull's-Eye Lantern",
        "type": "equipment",
        "consumable": false,
        "states": 2,
        "light": [
          {"bright": 9, "dim": 10, "angle": 57, "color": "#ff9329", "alpha": 1 }
        ]    
      },
      "Electric Lantern, Small": {
        "name": "Electric Lantern, Small",
        "type": "equipment",
        "consumable": false,
        "states": 2,
        "light": [
          {"bright": 3, "dim": 3, "angle": 360, "color": "#ff9329", "alpha": 1 }
        ]    
      },
      "Electric Lantern, Large": {
        "name": "Electric Lantern, Large",
        "type": "equipment",
        "consumable": false,
        "states": 2,
        "light": [
          {"bright": 4, "dim": 5, "angle": 360, "color": "#ff9329", "alpha": 1 }
        ]    
      },
      "Small Tactical Light": {
        "name": "Small Tactical Light",
        "type": "equipment",
        "consumable": false,
        "states": 2,
        "light": [
          {"bright": 22, "dim": 25, "angle": 3, "color": "#ffd6aa", "alpha": 1 }
        ]    
      },
      "Large Tactical Light": {
        "name": "Large Tactical Light",
        "type": "equipment",
        "consumable": false,
        "states": 2,
        "light": [
          {"bright": 95, "dim": 100, "angle": 3, "color": "#ffd6aa", "alpha": 1 }
        ]    
      },
      "Floodlight": {
        "name": "Floodlight",
        "type": "equipment",
        "consumable": false,
        "states": 2,
        "light": [
          {"bright": 190, "dim": 200, "angle": 3, "color": "#ffd6aa", "alpha": 1 }
        ]    
      }
    }
  },
  "dcc": {
    "system": "dcc",
    "topology": "standard",
    "quantity" : "quantity",
    "aliases": {
      "Lantern": "Oil"
    },
    "sources": {
      "Torch, each": {
        "name": "Torch, each",
        "type": "equipment",
        "consumable": true,
        "states": 2,
        "light": [
          { 
            "bright": 15, "dim": 30, "angle": 360, "color": "#ff9329", "alpha": 0.2,
            "animation": { "type": "torch", "speed": 5, "intensity": 5, "reverse": false } 
          }
        ]
      },
      "Lantern": {
        "name": "Lantern",
        "type": "equipment",
        "consumable": false,
        "states": 2,
        "light": [
          { 
            "bright": 15, "dim": 30, "angle": 360, "color": "#ff9329", "alpha": 0.2,
            "animation": { "type": "torch", "speed": 5, "intensity": 5, "reverse": false } 	            
          }
        ]
      }
    }
  },
  "ose": {
    "topology": "standard",
    "quantity": "quantity.value",
    "sources": {
      "Torch": {
        "type": "item",
        "consumable": true,
        "light": [
          {
            "bright": 20,
            "dim": 30,
            "angle": 360,
            "color": "#ff9329",
            "alpha": 0.5,
            "animation": {
              "type": "torch",
              "speed": 5,
              "intensity": 5,
              "reverse": false
            }
          }
        ]
      }, 
      "Lantern": {
        "type": "item",
        "consumable": false,
        "light": [
          {
            "bright": 20,
            "dim": 30,
            "angle": 360,
            "color": "#ff9329",
            "alpha": 0.5,
            "animation": {
              "type": "torch",
              "speed": 5,
              "intensity": 5,
              "reverse": false
            }
          }
        ]
      }
    }
  },
  "default": {
    "system": "default",
    "topology": "none",
    "quantity" : "quantity",
    "sources": {
      "Self": {
        "name": "Self",
        "type": "none",
        "consumable": false,
        "states": 2,
        "light": [
          {"bright": 40, "dim":20, "angle": 360}
        ]
      }            
    }
  }
}
